Name,Phone Number
"BlueFin Farmer 1,+2347063989506",
"BlueFin Farmer 2,+2347064825877",
"BlueFin Farmer 3,+2347065283437",
"BlueFin Farmer 4,+2347066632905",
"BlueFin Farmer 5,+2347066867296",
"BlueFin Farmer 6,+2347067523834",
"BlueFin Farmer 7,+2347068527355",
"BlueFin Farmer 8,+2347068544663",
"BlueFin Farmer 9,+2347068913414",
"BlueFin Farmer 10,+2347031339155",
"BlueFin Farmer 11,+2348056379630",
"BlueFin Farmer 12,+2348034064979",
"BlueFin Farmer 13,+2347030957907",
"BlueFin Farmer 14,+2348038100659",
"BlueFin Farmer 15,+2348160205275",
"BlueFin Farmer 16,+2348065226333",
"BlueFin Farmer 17,+2348179114974",
"BlueFin Farmer 18,+2348036818211",
"BlueFin Farmer 19,+2347061111464",
"BlueFin Farmer 20,+2348035096081",
"BlueFin Farmer 21,+2348161894489",
"BlueFin Farmer 22,+2347012749347",
"BlueFin Farmer 23,+2347015237555",
"BlueFin Farmer 24,+2347030296562",
"BlueFin Farmer 25,+2347030517347",
"BlueFin Farmer 26,+2347031023194",
"BlueFin Farmer 27,+2347031105311",
"BlueFin Farmer 28,+2347032522573",
"BlueFin Farmer 29,+2347033859188",
"BlueFin Farmer 30,+2347034153540",
"BlueFin Farmer 31,+2347035214500",
"BlueFin Farmer 32,+2347035524900",
"BlueFin Farmer 33,+2347035563330",
"BlueFin Farmer 34,+2347035992896",
"BlueFin Farmer 35,+2348134787872",
"BlueFin Farmer 36,+2348135700117",
"BlueFin Farmer 37,+2348136219272",
"BlueFin Farmer 38,+2348136287402",
"BlueFin Farmer 39,+2348143133729",
"BlueFin Farmer 40,+2348160218891",
"BlueFin Farmer 41,+2348160530343",
"BlueFin Farmer 42,+2348160542637",
"BlueFin Farmer 43,+2348161228603",
"BlueFin Farmer 44,+2348028422742",
"BlueFin Farmer 45,+2348030474422",
"BlueFin Farmer 46,+2348030624512",
"BlueFin Farmer 47,+2348030768693",
"BlueFin Farmer 48,+2348032082811",
"BlueFin Farmer 49,+2348032203481",
"BlueFin Farmer 50,+2348032225254",
"BlueFin Farmer 51,+2348032351702",
"BlueFin Farmer 52,+2347031252260",
"BlueFin Farmer 53,+2347011180008",
"BlueFin Farmer 54,+2348027406114",
"BlueFin Farmer 55,+2348059510473",
"BlueFin Farmer 56,+2347068024065",
"BlueFin Farmer 57,+2348033180445",
"BlueFin Farmer 58,+2348136053133",
"BlueFin Farmer 59,+2348037590196",
"BlueFin Farmer 60,+2347032283982",
"BlueFin Farmer 61,+2347048778001",
"BlueFin Farmer 62,+2348023467866",
"BlueFin Farmer 63,+2348037293718",
"BlueFin Farmer 64,+2348037714997",
"BlueFin Farmer 65,+2348038700070",
"BlueFin Farmer 66,+2348038967551",
"BlueFin Farmer 67,+2348039245395",
"BlueFin Farmer 68,+2348039280491",
"BlueFin Farmer 69,+2348039303510",
"BlueFin Farmer 70,+2348039342858",
"BlueFin Farmer 71,+2348039356312",
"BlueFin Farmer 72,+2348036621900",
"BlueFin Farmer 73,+2348036686504",
"BlueFin Farmer 74,+2348036733115",
"BlueFin Farmer 75,+2348037007810",
"BlueFin Farmer 76,+2348037133865",
"BlueFin Farmer 77,+2348037174152",
"BlueFin Farmer 78,+2348037229865",
"BlueFin Farmer 79,+2348037247762",
"BlueFin Farmer 80,+2348161387961",
"BlueFin Farmer 81,+2348162029610",
"BlueFin Farmer 82,+2348169115353",
"BlueFin Farmer 83,+2348169914948",
"BlueFin Farmer 84,+2348177012508",
"BlueFin Farmer 85,+2348179978330",
"BlueFin Farmer 86,+2349011502216",
"BlueFin Farmer 87,+2349016616561",
"BlueFin Farmer 88,+2348161387961",
"BlueFin Farmer 89,+2348162029610",
"BlueFin Farmer 90,+2348169115353",
"BlueFin Farmer 91,+2348169914948",
"BlueFin Farmer 92,+2348177012508",
"BlueFin Farmer 93,+2348179978330",
"BlueFin Farmer 94,+2349011502216",
"BlueFin Farmer 95,+2349016616561",
"BlueFin Farmer 96,+2348036621900",
"BlueFin Farmer 97,+2348036686504",
"BlueFin Farmer 98,+2348036733115",
"BlueFin Farmer 99,+2348037007810",
"BlueFin Farmer 100,+2348037133865",
"BlueFin Farmer 101,+2348037174152",
"BlueFin Farmer 102,+2348037229865",
"BlueFin Farmer 103,+2348037247762",
"BlueFin Farmer 104,+2348059510473",
"BlueFin Farmer 105,+2347068024065",
"BlueFin Farmer 106,+2348033180445",
"BlueFin Farmer 107,+2348136053133",
"BlueFin Farmer 108,+2348037590196",
"BlueFin Farmer 109,+2347032283982",
"BlueFin Farmer 110,+2347048778001",
"BlueFin Farmer 111,+2348023467866",
"BlueFin Farmer 112,+2347036508013",
"BlueFin Farmer 113,+2347036698654",
"BlueFin Farmer 114,+2347037462410",
"BlueFin Farmer 115,+2347037578779",
"BlueFin Farmer 116,+2347038867749",
"BlueFin Farmer 117,+2347039129670",
"BlueFin Farmer 118,+2347039380035",
"BlueFin Farmer 119,+2347059978109",
"BlueFin Farmer 120,+2348020718522",
"BlueFin Farmer 121,+2348169737747",
"BlueFin Farmer 122,+2349125145984",
"BlueFin Farmer 123,+2347068067917",
"BlueFin Farmer 124,+2349114742588",
"BlueFin Farmer 125,+2348034073775",
"BlueFin Farmer 126,+2348035075571",
"BlueFin Farmer 127,+2348035053089",
"BlueFin Farmer 128,+2348035142369",
"BlueFin Farmer 129,+2348035336986",
"BlueFin Farmer 130,+2348035378714",
"BlueFin Farmer 131,+2348035400300",
"BlueFin Farmer 132,+2348035518654",
"BlueFin Farmer 133,+2348035593452",
"BlueFin Farmer 134,+2348036232149",
"BlueFin Farmer 135,+2348033626083",
"BlueFin Farmer 136,+2348033708318",
"BlueFin Farmer 137,+2348033713323",
"BlueFin Farmer 138,+2348033778692",
"BlueFin Farmer 139,+2348033851018",
"BlueFin Farmer 140,+2348033901618",
"BlueFin Farmer 141,+2348034024915",
"BlueFin Farmer 142,+2348034054024",
"BlueFin Farmer 143,+2348034727807",
"BlueFin Farmer 144,+2348035053089",
"BlueFin Farmer 145,+2348035142369",
"BlueFin Farmer 146,+2348035336986",
"BlueFin Farmer 147,+2348035378714",
"BlueFin Farmer 148,+2348035400300",
"BlueFin Farmer 149,+2348035518654",
"BlueFin Farmer 150,+2348035593452",
"BlueFin Farmer 151,+2348036232149",
"BlueFin Farmer 152,+2348033626083",
"BlueFin Farmer 153,+2348033708318",
"BlueFin Farmer 154,+2348033713323",
"BlueFin Farmer 155,+2348033778692",
"BlueFin Farmer 156,+2348033851018",
"BlueFin Farmer 157,+2348033901618",
"BlueFin Farmer 158,+2348034024915",
"BlueFin Farmer 159,+2348034054024",
"BlueFin Farmer 160,+2348034727807",
"BlueFin Farmer 161,+2348035053089",
"BlueFin Farmer 162,+2348035142369",
"BlueFin Farmer 163,+2348035336986",
"BlueFin Farmer 164,+2348035378714",
"BlueFin Farmer 165,+2348035400300",
"BlueFin Farmer 166,+2348035518654",
"BlueFin Farmer 167,+2348035593452",
"BlueFin Farmer 168,+2348036232149",
"BlueFin Farmer 169,+2348104793988",
"BlueFin Farmer 170,+2348105739223",
"BlueFin Farmer 171,+2348107027021",
"BlueFin Farmer 172,+2348108553670",
"BlueFin Farmer 173,+2348123869594",
"BlueFin Farmer 174,+2348130062663",
"BlueFin Farmer 175,+2348130452210",
"BlueFin Farmer 176,+2348134657712",
"BlueFin Farmer 177,+2348062841826",
"BlueFin Farmer 178,+2348063130121",
"BlueFin Farmer 179,+2348063180612",
"BlueFin Farmer 180,+2348063359923",
"BlueFin Farmer 181,+2348064232271",
"BlueFin Farmer 182,+2348065918115",
"BlueFin Farmer 183,+2348066450009",
"BlueFin Farmer 184,+2348066506292",
"BlueFin Farmer 185,+2348066952677",
"BlueFin Farmer 186,+2348051758261",
"BlueFin Farmer 187,+2348053160746",
"BlueFin Farmer 188,+2348054311839",
"BlueFin Farmer 189,+2348056335463",
"BlueFin Farmer 190,+2348056573898",
"BlueFin Farmer 191,+2348057729548",
"BlueFin Farmer 192,+2348061353318",
"BlueFin Farmer 193,+2348062333826",
"BlueFin Farmer 194,+2348062559042",
"BlueFin Farmer 195,+2348068627186",
"BlueFin Farmer 196,+2348051758261",
"BlueFin Farmer 197,+2348053160746",
"BlueFin Farmer 198,+2348054311839",
"BlueFin Farmer 199,+2348056335463",
"BlueFin Farmer 200,+2348056573898",
"BlueFin Farmer 201,+2348057729548",
"BlueFin Farmer 202,+2348061353318",
"BlueFin Farmer 203,+2348062333826",
"BlueFin Farmer 204,+2348062559042",
